"","Mean","lowCI","upCI","treatment"
"1",-0.427456920589563,-0.463199671080638,-0.391876482522369,"0%"
"2",0.0131849767617834,-0.0180396364136679,0.0456133305410784,"50%"
"3",0.3858803325531,0.355482351140111,0.417982664873518,"75%"
