"","Mean","lowCI","upCI","mechanism"
"1",0.365049947795651,0.197331850251387,0.532336671066862,"r_overall"
"2",0.496655220300778,0.323317244943273,0.67787807491994,"epsilon_0"
"3",0.19745595870134,0.0808921286056088,0.307959602263773,"epsilon_alpha"
"4",-0.324726549818626,-0.377564984563202,-0.274818563638922,"epsilon_lambda"
"5",-0.00433468138784069,-0.01677704056072,-1.04606123336054e-09,"epsilon_int"
