"","Mean","lowCI","upCI","mechanism"
"1",-0.427456920589563,-0.463199671080638,-0.391876482522369,"r_overall"
"2",-0.313738150621347,-0.43180919943219,-0.188580136515159,"epsilon_0"
"3",0.854325631444885,0.807023164144802,0.893559280552517,"epsilon_alpha"
"4",-0.967691570763282,-1.0676763632407,-0.859943662014236,"epsilon_lambda"
"5",-0.00035283064981801,-0.00194559225525542,0.000162477805666076,"epsilon_int"
